User_agent,Disallow
Users,/member
Users,/member/login
Users,/member/logout
Users,/member/join
Users,/member/findPasswd
Users,/mytide
Users,/app/temp
Users,/app/temp/css
Users,/temp
Users,/temp/css
Users,/template
Users,/template/newchart
Users,/teaser
Users,/teaser/js
Users,/teaser/js/nvd3
Users,/teaser/js
Users,/teaser/js
Users,/manifest.json
Users,/news/search/N0022/*
Users,/my
Users,/profile
Users,/feed/*
Users,/feed
Users,/feed/main
Users,/feed/posts
Users,/info
Users,/notice
Users,/faq
Users,/customer
Users,/customer/qna
Users,/customer/qna/write
Users,/terms
Users,/privacy
Users,/policy_lbs
Users,/search
Users,/search?q
Users,/search?w
Users,/search?*w
Users,/search?q=*w
Users,/tutorial
Users,/brand
Users,/art/*220878$
Users,/art/*220884$
Users,/art/*220880$
Users,/art/*220882$
Users,/art/*220883$
Users,/art/*220881$
